sigma,center_interval,b,xi,null_angular_coefficient,variance_over_G2_hbar2,rms_over_G_hbar
1.0,12.0,2.0,0.0,0.03333333333333333,0.07982673897594018,0.28253626134699983
1.0,12.0,2.0,0.08333333333333333,0.0125,0.02993502711597757,0.17301741853344585
1.0,12.0,2.0,0.16666666666666666,0.005555555555555557,0.013304456495990033,0.1153449456889639
1.0,12.0,2.0,0.25,0.012500000000000004,0.029935027115977578,0.17301741853344588
1.0,12.0,4.0,0.0,0.03333333333333333,0.011715889117744583,0.10823996081736441
1.0,12.0,4.0,0.08333333333333333,0.0125,0.004393458419154219,0.06628316844534682
1.0,12.0,4.0,0.16666666666666666,0.005555555555555557,0.0019526481862907645,0.044188778963564546
1.0,12.0,4.0,0.25,0.012500000000000004,0.00439345841915422,0.06628316844534682
1.0,12.0,8.0,0.0,0.03333333333333333,0.0015199364823846836,0.03898636277449698
1.0,12.0,8.0,0.08333333333333333,0.0125,0.0005699761808942563,0.023874173931138568
1.0,12.0,8.0,0.16666666666666666,0.005555555555555557,0.00025332274706411397,0.01591611595409238
1.0,12.0,8.0,0.25,0.012500000000000004,0.0005699761808942565,0.02387417393113857
