affine_lambda,kernel,manufactured_Rkk_per_amplitude
-9.994713129131676393e-03,0.000000000000000000e+00,2.482643245469453759e-05
-9.972178716098369783e-03,1.924739924607723505e-110,2.497186428131892237e-05
-9.931779849951321085e-03,3.567814726573381791e-54,2.523463197790350043e-05
-9.873750457641373296e-03,4.790825754585366274e-36,2.561670764685337033e-05
-9.798438424836027061e-03,7.010253851683376248e-28,2.612083271798710493e-05
-9.706296420906621730e-03,1.928680278049647299e-23,2.675052771117883849e-05
-9.597878509636777883e-03,1.037489720064127186e-20,2.751004618611378752e-05
-9.473836692499933501e-03,7.102510964752719827e-19,2.840430779103048735e-05
-9.334916954279556811e-03,1.484195678604242690e-17,2.943880998884948629e-05
-9.181954765569780297e-03,1.490098024042435674e-16,3.061951519754541854e-05
-9.015870053842536813e-03,9.265716638204390498e-16,3.195270951096339056e-05
-8.837661669003939180e-03,4.149027090047947779e-15,3.344482909309325232e-05
-8.648401375285382636e-03,1.469486516495701869e-14,3.510225060377138086e-05
-8.449227405058535451e-03,4.375425486582814586e-14,3.693104264427765171e-05
-8.241337613114813748e-03,1.141426050034520913e-13,3.893667626375406284e-05
-8.025982272477274332e-03,2.685781937319077162e-13,4.112369409577152599e-05
-7.804456555021759868e-03,5.821791341813284170e-13,4.349533973603555786e-05
-7.578092742104112350e-03,1.180885541399399361e-12,4.605315153553482662e-05
-7.348252212025764563e-03,2.267879989064907194e-12,4.879652803580058210e-05
-7.116317252518151830e-03,4.160056245639337468e-12,5.172227572933568913e-05
-6.883682747481846727e-03,7.335672547996589802e-12,5.482415354199997841e-05
-6.651747787974233994e-03,1.249178539037465033e-11,5.809243219181287472e-05
-6.421907257895886206e-03,2.060503723079551578e-11,6.151349010117576719e-05
-6.195543444978238688e-03,3.298142984270453384e-11,6.506947049143118461e-05
-5.974017727522724225e-03,5.127106409267424756e-11,6.873802629671974375e-05
-5.758662386885184808e-03,7.741702094409914250e-11,7.249218021575038666e-05
-5.550772594941463106e-03,1.135119714277483147e-10,7.630032622115326510e-05
-5.351598624714615053e-03,1.615596529269560574e-10,8.012639588448453487e-05
-5.162338330996059377e-03,2.231775985016402911e-10,8.393020778695920630e-05
-4.984129946157461744e-03,2.993082308940981776e-10,8.766801106916902045e-05
-4.818045234430218260e-03,3.899939490110948577e-10,9.129322501942793093e-05
-4.665083045720441746e-03,4.942140630145066976e-10,9.475736591375379287e-05
-4.526163307500065056e-03,6.097339624930123342e-10,9.801114071206630095e-05
-4.402121490363221541e-03,7.329572787795545648e-10,1.010056754755729629e-04
-4.293703579093376826e-03,8.588799571831144511e-10,1.036938354192517192e-04
-4.201561575163970629e-03,9.812735404692305225e-10,1.060315843427709362e-04
-4.126249542358625261e-03,1.093128273730131552e-09,1.079793248645085485e-04
-4.068220150048677472e-03,1.187301632988115979e-09,1.095031591062951268e-04
-4.027821283901628774e-03,1.257284607676493175e-09,1.105760204104045200e-04
-4.005286870868322163e-03,1.297981470489625609e-09,1.111787770350418993e-04
-3.978852516526710029e-03,1.347296228565694303e-09,1.118898155536546648e-04
-3.888714864393483586e-03,1.529023330514594752e-09,1.143468704773999926e-04
-3.727119399805292263e-03,1.914058631684060941e-09,1.188801590284438968e-04
-3.495001830565501108e-03,2.630963609204266658e-09,1.256903199394748675e-04
-3.193753699344117902e-03,3.948533800382140675e-09,1.350800313290151887e-04
-2.825185683626491376e-03,6.429286731616833640e-09,1.474708009712215545e-04
-2.391514038547114251e-03,1.127934466333397062e-08,1.634248702201291238e-04
-1.895346769999740194e-03,2.115936764475072835e-08,1.836734427905963181e-04
-1.339667817118233434e-03,4.209324086729186657e-08,2.091518437037332377e-04
-7.278190622791256420e-04,8.800564269958834625e-08,2.410420066610490593e-04
-6.348021537015517690e-05,1.915388796772759673e-07,2.808223137047700219e-04
6.493533239842379581e-04,4.296927909809770607e-07,3.303241675850081575e-04
1.406394498858461531e-03,9.836970881438482426e-07,3.917936871123503420e-04
2.203090379765855478e-03,2.275355024842796263e-06,4.679555155452548034e-04
3.034649547540740552e-03,5.266553720630239465e-06,5.620738920534314046e-04
3.896070910090898218e-03,1.208653656423243293e-05,6.780038897525445842e-04
4.782173779912956071e-03,2.726836618382958018e-05,8.202232014273845616e-04
5.687629031583547011e-03,6.000957766699965113e-05,9.938323171967892826e-04
6.606991151896937295e-03,1.279380912385240810e-04,1.204508800312661812e-03
7.534730989927389960e-03,2.626902081905927973e-04,1.458400188944716314e-03
8.465269010072610373e-03,5.169669441294305568e-04,1.761940497562067536e-03
9.393008848103063038e-03,9.715103266935670289e-04,2.121578035251227984e-03
1.031237096841645245e-02,1.738897111876936633e-03,2.543407839954702279e-03
1.121782622008704426e-02,2.960020298192051185e-03,3.032710676571488597e-03
1.210392908990910212e-02,4.789797607844981098e-03,3.593412006398525628e-03
1.296535045245925978e-02,7.371731480004732433e-03,4.227487736877273000e-03
1.379690962023414486e-02,1.080576835417485990e-02,4.934357399961875577e-03
1.459360550114153880e-02,1.511821561238999197e-02,5.710317663684792364e-03
1.535064667601576324e-02,2.024360785716152258e-02,6.548077487417200589e-03
1.606348021537015724e-02,2.602515926279868122e-02,7.436458664414548510e-03
1.672781906227912424e-02,3.223410539773788330e-02,8.360320416322534684e-03
1.733966781711823377e-02,3.860192111971604695e-02,9.300753544193181982e-03
1.789534676999974053e-02,4.485599207182343340e-02,1.023556903540486299e-02
1.839151403854711458e-02,5.074984285005207374e-02,1.114007983211177076e-02
1.882518568362648997e-02,5.608243987813522902e-02,1.198814553952260928e-02
1.919375369934411824e-02,6.070533583855794446e-02,1.275342163384533128e-02
1.949500183056550318e-02,6.451974584986344685e-02,1.341073076186498868e-02
1.972711939980529433e-02,6.746727999481974547e-02,1.393745735709499452e-02
1.988871486439348218e-02,6.951818287981444133e-02,1.431486290691928731e-02
1.997885251652670863e-02,7.066041733055795915e-02,1.452927408576912272e-02
2.002114748347329221e-02,7.119574685178278739e-02,1.463085444899987937e-02
2.011128513560651865e-02,7.233493825050238413e-02,1.484943143386403645e-02
2.027288060019470997e-02,7.437002659298609653e-02,1.524850271140414104e-02
2.050499816943450113e-02,7.727166755754392991e-02,1.583825767266506049e-02
2.080624630065588260e-02,8.098621249841901626e-02,1.663352229307893046e-02
2.117481431637351086e-02,8.542642719218547509e-02,1.765404843211090813e-02
2.160848596145288625e-02,9.046237286668198929e-02,1.892477495771122120e-02
2.210465323000026377e-02,9.591587881282265249e-02,2.047608582216221135e-02
2.266033218288177054e-02,1.015622091557451256e-01,2.234402744684875833e-02
2.327218093772087659e-02,1.071419269020393861e-01,2.457043221963214202e-02
2.393651978462984706e-02,1.123838812961843042e-01,2.720288216807253620e-02
2.464935332398424106e-02,1.170367733441287500e-01,3.029443562642173543e-02
2.540639449885846377e-02,1.209028984158214970e-01,3.390303167998080097e-02
2.620309037976585598e-02,1.238652155877416894e-01,3.809048490264216325e-02
2.703464954754074279e-02,1.258995821526535108e-01,4.292098934227972507e-02
2.789607091009090045e-02,1.270682633149182728e-01,4.845906871893634893e-02
2.878217377991295831e-02,1.274971226280638970e-01,5.476694154588250540e-02
2.968762903158354838e-02,1.273442619816325394e-01,6.190131607096423932e-02
3.060699115189693953e-02,1.267697275121764944e-01,6.990968906332642452e-02
3.153473098992739393e-02,1.259136806555070376e-01,7.882629027449745973e-02
3.246526901007260740e-02,1.248858529918052129e-01,8.866788373492598407e-02
3.339300884810306180e-02,1.237647635637172533e-01,9.942969838282586514e-02
3.431237096841645295e-02,1.226028719746716233e-01,1.110818031828501723e-01
3.521782622008704650e-02,1.214337840571357158e-01,1.235662558841502806e-01
3.610392908990910088e-02,1.202788985553478324e-01,1.367953327301722755e-01
3.696535045245925855e-02,1.191523723953950842e-01,1.506510864124256666e-01
3.779690962023414535e-02,1.180643279522075595e-01,1.649863850686240363e-01
3.859360550114154104e-02,1.170227021531468070e-01,1.796274660365407561e-01
3.935064667601576027e-02,1.160342153362305395e-01,1.943779091781756285e-01
4.006348021537015081e-02,1.151048365198040352e-01,2.090238131561780455e-01
4.072781906227912474e-02,1.142399871231758457e-01,2.233398607120000989e-01
4.133966781711823080e-02,1.134446192011773352e-01,2.370958986695128334e-01
4.189534676999973756e-02,1.127232375803002840e-01,2.500636418970221264e-01
4.239151403854711508e-02,1.120798987607078689e-01,2.620231374773809851e-01
4.282518568362649047e-02,1.115182012861034438e-01,2.727686887706171071e-01
4.319375369934411873e-02,1.110412738573764019e-01,2.821140267884526542e-01
4.349500183056549674e-02,1.106517637095073420e-01,2.898966140612245224e-01
4.372711939980529483e-02,1.103518259264534701e-01,2.959810627775086300e-01
4.388871486439348268e-02,1.101431117548825056e-01,3.002617624327447721e-01
4.397885251652670913e-02,1.100267257346509431e-01,3.026654385027278682e-01
4.400528687086831953e-02,1.099925982796650381e-01,3.033725102854289979e-01
4.402782128390162614e-02,1.099635074238474869e-01,3.039760357792021250e-01
4.406822015004867310e-02,1.099113582588424620e-01,3.050597867562315768e-01
4.412624954235862262e-02,1.098364592535759771e-01,3.066204759067794328e-01
4.420156157516396539e-02,1.097392686140848256e-01,3.086529560096923919e-01
4.429370357909337419e-02,1.096203821635791248e-01,3.111503259978125602e-01
4.440212149036321804e-02,1.094805286186510823e-01,3.141038455188144840e-01
4.452616330750006068e-02,1.093205647139199460e-01,3.175028194576258178e-01
4.466508304572044258e-02,1.091414696300982701e-01,3.213344697724861421e-01
4.481804523443021909e-02,1.089443386786167894e-01,3.255838025792087698e-01
4.498412994615746258e-02,1.087303762708797111e-01,3.302334776193583399e-01
4.516233833099606021e-02,1.085008882194531399e-01,3.352636874127276623e-01
4.535159862471461328e-02,1.082572734265673242e-01,3.406520535592292842e-01
4.555077259494146047e-02,1.080010150201864139e-01,3.463735476207834285e-01
4.575866238688518217e-02,1.077336710014417664e-01,3.524004437140518253e-01
4.597401772752272159e-02,1.074568644699285119e-01,3.587023093513870275e-01
4.619554344497824039e-02,1.071722734953341333e-01,3.652460401724878514e-01
4.642190725789588357e-02,1.068816207051234979e-01,3.719959430243543475e-01
4.665174778797423483e-02,1.065866626585901256e-01,3.789138704032381511e-01
4.688368274748185016e-02,1.062891790775483403e-01,3.859594076201385282e-01
4.711631725251815006e-02,1.059909620033366445e-01,3.930901122601061504e-01
4.734825221202576540e-02,1.056938049486721570e-01,4.002618036594224327e-01
4.757809274210411665e-02,1.053994921112759026e-01,4.074288983180849866e-01
4.780445655502175983e-02,1.051097877141289744e-01,4.145447854960744860e-01
4.802598227247727863e-02,1.048264255347652885e-01,4.215622358051219765e-01
4.824133761311481805e-02,1.045510986832176165e-01,4.284338344861560732e-01
4.844922740505853975e-02,1.042854496851610968e-01,4.351124303207701272e-01
4.864840137528538694e-02,1.040310609235044204e-01,4.415515908027496939e-01
4.883766166900394001e-02,1.037894454882110490e-01,4.477060543042728491e-01
4.901587005384253765e-02,1.035620384805441552e-01,4.535321704920431962e-01
4.918195476556978113e-02,1.033501888142578234e-01,4.589883211336336366e-01
4.933491695427955764e-02,1.031551515525267609e-01,4.640353146109854054e-01
4.947383669249993954e-02,1.029780808156011279e-01,4.686367488351311228e-01
4.959787850963678218e-02,1.028200232901733263e-01,4.727593387336043729e-01
4.970629642090662603e-02,1.026819123667844919e-01,4.763732059653771889e-01
4.979843842483603483e-02,1.025645629245122009e-01,4.794521299533160419e-01
4.987375045764137760e-02,1.024686667648480182e-01,4.819737608305768584e-01
4.993177984995132712e-02,1.023947886250391320e-01,4.839197975720766487e-01
4.997217871609837408e-02,1.023433622128250425e-01,4.852761479546220391e-01
4.999471312913168070e-02,1.023146788037554294e-01,4.860332693793119052e-01
5.005286870868323745e-02,1.022406613421021765e-01,4.879890170818277917e-01
5.027821283901630356e-02,1.019539516020172842e-01,4.955913580095704929e-01
5.068220150048678013e-02,1.014403341674404990e-01,5.093116691882909608e-01
5.126249542358625455e-02,1.007034336734266289e-01,5.292045475835936985e-01
5.201561575163970996e-02,9.974858693377390562e-02,5.552944341541736772e-01
5.293703579093378409e-02,9.858269861267657252e-02,5.875215607052316491e-01
5.402121490363222256e-02,9.721416321518452919e-02,6.256678982811447742e-01
5.526163307500066291e-02,9.565277977621353123e-02,6.692678850700718440e-01
5.665083045720442634e-02,9.390965481874477550e-02,7.175110654162709656e-01
5.818045234430219842e-02,9.199709418868647071e-02,7.691493182969357800e-01
5.984129946157462632e-02,8.992848521168871068e-02,8.224276153616548735e-01
6.162338330996060265e-02,8.771817087721670014e-02,8.750623204866787574e-01
6.351598624714616115e-02,8.538131787584686549e-02,9.242922820862923272e-01
6.550772594941464688e-02,8.293378037400069014e-02,9.670225303179925680e-01
6.758662386885186391e-02,8.039196142353027819e-02,1.000066412084529288e+00
6.974017727522725807e-02,7.777267387694024314e-02,1.020470104543408807e+00
7.195543444978240444e-02,7.509300261529501530e-02,1.025877872924499501e+00
7.421907257895887788e-02,7.237016979756298596e-02,1.014874810841237762e+00
7.651747787974236270e-02,6.962140471026362354e-02,9.872350222159238520e-01
7.883682747481848829e-02,6.686381963836746101e-02,9.440137455142791900e-01
8.116317252518154279e-02,6.411429299656760949e-02,8.874521074645497221e-01
8.348252212025766839e-02,6.138936075890619876e-02,8.207056227182096819e-01
8.578092742104115320e-02,5.870511700929895160e-02,7.474491134348211219e-01
8.804456555021762665e-02,5.607712421103442507e-02,6.714377317652820976e-01
9.025982272477277302e-02,5.352033356525360414e-02,5.961078313508669790e-01
9.241337613114816718e-02,5.104901560218900319e-02,5.242828839970147259e-01
9.449227405058538420e-02,4.867670092989104941e-02,4.580168169123158273e-01
9.648401375285386994e-02,4.641613085838901948e-02,3.985721474013584342e-01
9.837661669003942844e-02,4.427921742745060535e-02,3.465036747775920856e-01
1.001587005384254048e-01,4.227701219755808371e-02,3.018056588350628289e-01
1.018195476556978396e-01,4.041968302003799002e-02,2.640809743840272228e-01
1.033491695427956047e-01,3.871649788632909595e-02,2.327003207719263167e-01
1.047383669249993682e-01,3.717581487000502782e-02,2.069326348206140531e-01
1.059787850963678085e-01,3.580507711859805958e-02,1.860399103704802326e-01
1.070629642090662470e-01,3.461081182202963707e-02,1.693382326773841262e-01
1.079843842483603211e-01,3.359863206510737416e-02,1.562314961342042008e-01
1.087375045764137765e-01,3.277324039503591580e-02,1.462257206649424657e-01
1.093177984995132579e-01,3.213843242182340409e-02,1.389312943033598757e-01
1.097217871609837275e-01,3.169709471118238586e-02,1.340589066010512143e-01
1.099471312913167936e-01,3.145113223239129341e-02,1.314126142527854424e-01
1.100052868708683435e-01,3.138768056381270599e-02,1.307378618662828063e-01
1.100278212839016501e-01,3.136309675099471089e-02,1.304773023098540485e-01
1.100682201500486901e-01,3.131902764868701311e-02,1.300114313150886880e-01
1.101262495423586396e-01,3.125573494177329159e-02,1.293450507115513071e-01
1.102015615751639893e-01,3.117360726046502703e-02,1.284851114718064957e-01
1.102937035790933912e-01,3.107314989493540486e-02,1.274405016758047848e-01
1.104021214903632420e-01,3.095498074891818094e-02,1.262218750304292536e-01
1.105261633075000777e-01,3.081982615530819147e-02,1.248414567371818051e-01
1.106650830457204526e-01,3.066851609485454419e-02,1.233128270251248187e-01
1.108180452344302291e-01,3.050197878020893122e-02,1.216506876439911039e-01
1.109841299461574726e-01,3.032123463104392097e-02,1.198706175719224803e-01
1.111623383309960772e-01,3.012738968227623299e-02,1.179888244194250563e-01
1.113515986247146372e-01,2.992162847434480175e-02,1.160218979058179334e-01
1.115507725949414775e-01,2.970520647868336167e-02,1.139865714283326420e-01
1.117586623868851992e-01,2.947944211450376911e-02,1.118994971747892808e-01
1.119740177275227455e-01,2.924570841517579525e-02,1.097770394845201808e-01
1.121955434449782574e-01,2.900542440398023655e-02,1.076350902804114745e-01
1.124219072578959006e-01,2.876004623987952341e-02,1.054889094241368008e-01
1.126517477879742518e-01,2.851105819422769874e-02,1.033529918361274502e-01
1.128836827474818671e-01,2.825996351906117504e-02,1.012409622204309551e-01
1.131163172525181670e-01,2.800827526681086768e-02,9.916549728775225780e-02
1.133482522120257824e-01,2.775750711999519157e-02,9.713827451671300239e-02
1.135780927421041336e-01,2.750916428773897762e-02,9.516994576424575580e-02
1.138044565550217768e-01,2.726473452386520696e-02,9.327013345167380065e-02
1.140259822724772887e-01,2.702567931887927058e-02,9.144744662360744514e-02
1.142413376131148350e-01,2.679342531546303682e-02,8.970951390245539281e-02
1.144492274050585567e-01,2.656935599417531435e-02,8.806303023335082525e-02
1.146484013752853970e-01,2.635480367296994669e-02,8.651381431672350297e-02
1.148376616690039570e-01,2.615104186094633493e-02,8.506687373761245841e-02
1.150158700538425616e-01,2.595927800348540176e-02,8.372647499821449235e-02
1.151819547655698051e-01,2.578064665263683775e-02,8.249621591837957846e-02
1.153349169542795816e-01,2.561620309333559678e-02,8.137909816400291929e-02
1.154738366924999565e-01,2.546691745272611565e-02,8.037759797394680716e-02
1.155978785096367922e-01,2.533366931646255024e-02,7.949373346351498726e-02
1.157062964209066430e-01,2.521724287194315392e-02,7.872912716993155091e-02
1.157984384248360449e-01,2.511832259253594588e-02,7.808506275311626055e-02
1.158737504576413946e-01,2.503748946236688047e-02,7.756253492503671632e-02
1.159317798499513441e-01,2.497521768103707143e-02,7.716229151361998773e-02
1.159721787160983841e-01,2.493187137624944955e-02,7.688486412610874565e-02
1.159947131291316907e-01,2.490769503620814465e-02,7.673054695662367974e-02
1.160211474834732942e-01,2.487933655446407377e-02,7.654991535075371389e-02
1.161112851356065206e-01,2.478265380358285128e-02,7.593715904197768929e-02
1.162728806001947085e-01,2.460938616444521831e-02,7.485081455324016364e-02
1.165049981694345066e-01,2.436064102316773741e-02,7.331734360148693674e-02
1.168062463006558915e-01,2.403805666212859363e-02,7.137357612033434773e-02
1.171748143163735129e-01,2.364375848090904952e-02,6.906478293473312935e-02
1.176084859614528882e-01,2.318033887449933578e-02,6.644259624858429858e-02
1.181046532300002727e-01,2.265083579358560806e-02,6.356276002613794884e-02
1.186603321828817725e-01,2.205870831162530174e-02,6.048284941974536866e-02
1.192721809377208786e-01,2.140780920206837926e-02,5.726010406856251594e-02
1.199365197846298525e-01,2.070235480502295375e-02,5.394950337267823137e-02
1.206493533239842431e-01,1.994689256838020827e-02,5.060218234155276773e-02
1.214063944988584692e-01,1.914626675745512152e-02,4.726424877418847897e-02
1.222030903797658580e-01,1.830558301976649080e-02,4.397602131896272137e-02
1.230346495475407448e-01,1.743017287825035164e-02,4.077166877714335363e-02
1.238960709100909025e-01,1.652555998502892171e-02,3.767919882725691977e-02
1.247821737799129638e-01,1.559743133447358265e-02,3.472072279769224112e-02
1.256876290315835365e-01,1.465161878013755692e-02,3.191291385174589018e-02
1.266069911518969415e-01,1.369409889673535267e-02,2.926757841794082673e-02
1.275347309899274029e-01,1.273102127184944088e-02,2.679227242934885400e-02
1.284652690100726025e-01,1.176877399149690688e-02,2.449091124615991599e-02
1.293930088481030638e-01,1.081408648807972821e-02,2.236434103594747008e-02
1.303123709684164688e-01,9.874151098635108176e-03,2.041085643672935213e-02
1.312178262200870416e-01,8.956717703281500201e-03,1.862666223763072629e-02
1.321039290899091168e-01,8.070091292350981688e-03,1.700628466201265995e-02
1.329653504524592744e-01,7.222957857764977438e-03,1.554294094542973265e-02
1.337969096202341335e-01,6.423994799454065159e-03,1.422887542923980189e-02
1.345936055011415500e-01,5.681287522297741657e-03,1.305566786413777866e-02
1.353506466760157623e-01,5.001651245771136269e-03,1.201451648407507629e-02
1.360634802153701528e-01,4.390010093494572073e-03,1.109649574903443132e-02
1.367278190622791267e-01,3.848985836388606023e-03,1.029278705724879540e-02
1.373396678171182328e-01,3.378793734170313246e-03,9.594880330487118650e-03
1.378953467699997326e-01,2.977457626604518466e-03,8.994744985844212518e-03
1.383915140385471032e-01,2.641277249125545748e-03,8.484970055097747210e-03
1.388251856836264786e-01,2.365435405839715934e-03,8.058874693603277836e-03
1.391937536993441138e-01,2.144628765843033507e-03,7.710591688954666900e-03
1.394950018305655126e-01,1.973633296391542630e-03,7.435127582754974193e-03
1.397271193998052830e-01,1.847755438554804638e-03,7.228403423158201620e-03
1.398887148643934708e-01,1.763156423158330523e-03,7.087278977755505707e-03
1.399788525165266972e-01,1.717051160954901137e-03,7.009544367958964010e-03
1.400211474834733294e-01,1.695684979985013531e-03,6.973310487624341004e-03
1.401112851356065558e-01,1.650720301960306420e-03,6.896601383585832835e-03
1.402728806001947437e-01,1.572050915352222805e-03,6.760810205598056719e-03
1.405049981694345140e-01,1.463400467183343778e-03,6.569598979629874026e-03
1.408062463006559129e-01,1.329994984101390797e-03,6.328077819418736517e-03
1.411748143163735481e-01,1.178318330992707448e-03,6.042555698216017790e-03
1.416084859614529234e-01,1.015764682543440116e-03,5.720266417084875210e-03
1.421046532300002940e-01,8.501643584289351194e-04,5.369065301221750790e-03
1.426603321828817938e-01,6.891956082423731115e-04,4.997112049428418558e-03
1.432721809377208999e-01,5.397328352685078039e-04,4.612556679977000348e-03
1.439365197846298738e-01,4.072217580586593388e-04,4.223244853255338042e-03
1.446493533239842644e-01,2.951985597930123885e-04,3.836457073016370876e-03
1.454063944988584767e-01,2.050651169077804289e-04,3.458693613699832369e-03
1.462030903797658932e-01,1.361858627746362512e-04,3.095513668856692945e-03
1.470346495475407522e-01,8.629176642996704938e-05,2.751433374699895854e-03
1.478960709100909099e-01,5.209136072943782966e-05,2.429883298042446495e-03
1.487821737799129851e-01,2.993433592593057796e-05,2.133222008103697991e-03
1.496876290315835578e-01,1.637458665893467755e-05,1.862798823774648250e-03
1.506069911518969628e-01,8.533828799343382395e-06,1.619056069977030691e-03
1.515347309899274242e-01,4.245116783860701328e-06,1.401659441065770473e-03
1.524652690100726238e-01,2.021411916994433047e-06,1.209644482680762717e-03
1.533930088481030851e-01,9.250114570736892067e-07,1.041567740704052534e-03
1.543123709684164901e-01,4.088213468903293966e-07,8.956526146817719901e-04
1.552178262200870629e-01,1.755603119584403932e-07,7.699221099499856721e-04
1.561039290899091381e-01,7.376581555118243501e-08,6.623131700554524531e-04
1.569653504524592957e-01,3.056515123964823380e-08,5.707697583393764795e-04
1.577969096202341548e-01,1.259709186757839922e-08,4.933140730762777901e-04
1.585936055011415713e-01,5.211614211485024011e-09,4.280970432984267516e-04
1.593506466760157836e-01,2.185210410288125320e-09,3.734304807205737070e-04
1.600634802153701741e-01,9.377207952869306214e-10,3.278039635832970754e-04
1.607278190622791481e-01,4.158395581226249752e-10,2.898897717647477465e-04
1.613396678171182541e-01,1.923656975564963501e-10,2.585390863026575787e-04
1.618953467699997539e-01,9.365637844984407437e-11,2.327723277803757991e-04
1.623915140385471245e-01,4.839135167523293489e-11,2.117660447433409546e-04
1.628251856836264999e-01,2.674521445174897954e-11,1.948382623432973345e-04
1.631937536993441351e-01,1.593495002897064838e-11,1.814337242879140099e-04
1.634950018305655339e-01,1.031690969585661772e-11,1.711100446109754293e-04
1.637271193998053043e-01,7.318379488010363037e-12,1.635254429263295151e-04
1.638887148643934921e-01,5.733302894830230500e-12,1.584284356636807582e-04
1.639788525165267186e-01,4.993485240153659663e-12,1.556490157532811123e-04
1.640052868708683220e-01,4.793820197484393890e-12,1.548424251773437778e-04
1.640278212839016425e-01,4.629433217240760137e-12,1.541578617491200145e-04
1.640682201500486825e-01,4.347615670233580065e-12,1.529375456285958696e-04
1.641262495423586321e-01,3.970253015157608214e-12,1.512001687051244849e-04
1.642015615751639679e-01,3.525164418752532657e-12,1.489723530407970455e-04
1.642937035790933975e-01,3.042669124798595555e-12,1.462876664400853180e-04
1.644021214903632344e-01,2.552243112891471118e-12,1.431856547953874726e-04
1.645261633075000840e-01,2.079730069124376678e-12,1.397107538179984761e-04
1.646650830457204451e-01,1.645437729143673233e-12,1.359111124401593768e-04
1.648180452344302216e-01,1.263222755545198214e-12,1.318373736438826712e-04
1.649841299461574651e-01,9.404504896668884467e-13,1.275414593154166785e-04
1.651623383309960558e-01,6.786175728205665990e-13,1.230754028258176751e-04
1.653515986247146297e-01,4.744509783135750886e-13,1.184902678190517111e-04
1.655507725949414699e-01,3.213197826207966157e-13,1.138351848208020922e-04
1.657586623868851916e-01,2.107542905649712329e-13,1.091565293615623258e-04
1.659740177275227380e-01,1.338298135531442416e-13,1.044972569247784214e-04
1.661955434449782498e-01,8.221478298858698863e-14,9.989640173886761641e-05
1.664219072578959069e-01,4.879702930095606093e-14,9.538873871681506991e-05
1.666517477879742304e-01,2.792276349865110812e-14,9.100460109755486703e-05
1.668836827474818596e-01,1.535591178298074994e-14,8.676984083374900407e-05
1.671163172525181595e-01,8.080331970343429546e-15,8.270591465459497160e-05
1.673482522120257887e-01,4.044222169037538100e-15,7.883007604817874312e-05
1.675780927421041122e-01,1.910217477984085448e-15,7.515565209291900418e-05
1.678044565550217693e-01,8.427908976756661795e-16,7.169238397835017782e-05
1.680259822724772811e-01,3.427188742282434047e-16,6.844681099214603955e-05
1.682413376131148275e-01,1.262124717337239186e-16,6.542267948100624858e-05
1.684492274050585492e-01,4.111597253602090597e-17,6.262136057707864815e-05
1.686484013752853894e-01,1.147353779428478952e-17,6.004226308805990828e-05
1.688376616690039633e-01,2.620903376484803147e-18,5.768323067189366489e-05
1.690158700538425540e-01,4.586226017299277000e-19,5.554091508391169481e-05
1.691819547655697975e-01,5.558271477685232842e-20,5.361111976204358345e-05
1.693349169542795740e-01,3.977061748216563184e-21,5.188911021037077479e-05
1.694738366924999351e-01,1.288209200198250763e-22,5.036988949518302012e-05
1.695978785096367847e-01,1.181391787084880819e-24,4.904843865437482920e-05
1.697062964209066216e-01,1.250292166789526405e-27,4.791992293707874500e-05
1.697984384248360512e-01,2.265329458012202193e-32,4.697986554181806697e-05
1.698737504576413870e-01,6.368934109868276094e-41,4.622429088104799798e-05
1.699317798499513366e-01,1.437481019719521956e-59,4.564983907194073549e-05
1.699721787160983766e-01,1.319870134139442542e-116,4.525384961799553410e-05
1.699947131291316971e-01,0.000000000000000000e+00,4.503435942770691995e-05
