J,trace_power,static_trace_power,time_projection_power,static_time_projection_power
0.000000000000000000e+00,1.302407777577438392e+06,1.307090901452421444e+06,3.279439529755577678e+05,3.276958392489695689e+05
1.000000000000000000e+00,3.901447639355872758e+06,3.915478992948143743e+06,9.833328133571909275e+05,9.826028246710604290e+05
2.000000000000000000e+00,6.483220422312159091e+06,6.506546393215906806e+06,1.637291458713300526e+06,1.636058703082852298e+06
3.000000000000000000e+00,9.036407127402300015e+06,9.068942795685514808e+06,2.288852585695719346e+06,2.287105462854452431e+06
4.000000000000000000e+00,1.154997179297277704e+07,1.159160149050459266e+07,2.937040352163203061e+06,2.934798108184945770e+06
5.000000000000000000e+00,1.401325427358097583e+07,1.406383591414283216e+07,3.580986196919034235e+06,3.578208430526735261e+06
6.000000000000000000e+00,1.641605990254480019e+07,1.647542565174447000e+07,4.219742313532112166e+06,4.216427950464087538e+06
7.000000000000000000e+00,1.874873696257620305e+07,1.881669198417973518e+07,4.852396246976054274e+06,4.848570069347837009e+06
8.000000000000000000e+00,2.100223733152716234e+07,2.107856318005750328e+07,5.478144684330242686e+06,5.473771484413124621e+06
9.000000000000000000e+00,2.316817680651672184e+07,2.325262979733695835e+07,6.096093255345656537e+06,6.091192931596557610e+06
1.000000000000000000e+01,2.523888335558032617e+07,2.533119030773285404e+07,6.705409769997808151e+06,6.700019328621622175e+06
1.100000000000000000e+01,2.720742157143960521e+07,2.730728739826832339e+07,7.305351635490545072e+06,7.299459397607580759e+06
1.200000000000000000e+01,2.906763564639933780e+07,2.917473534076942131e+07,7.895093443271370605e+06,7.888744851582302712e+06
1.300000000000000000e+01,3.081416056481638551e+07,3.092813885264689848e+07,8.473873094119543210e+06,8.467129232834918424e+06
1.400000000000000000e+01,3.244242536086434871e+07,3.256290390117318928e+07,9.041005134195018560e+06,9.033886493011249229e+06
1.500000000000000000e+01,3.394867383836057037e+07,3.407524092864795774e+07,9.595725914572704583e+06,9.588309405225379393e+06
1.600000000000000000e+01,3.532994675634000450e+07,3.546216099724357575e+07,1.013732869771753624e+07,1.012970789724122733e+07
1.700000000000000000e+01,3.658406882831172645e+07,3.672146536990486830e+07,1.066517688982004859e+07,1.065740739201815799e+07
1.800000000000000000e+01,3.770964866400887817e+07,3.785172905734577775e+07,1.117855171040424518e+07,1.117074723767248914e+07
1.900000000000000000e+01,3.870603950667665899e+07,3.885227887094613165e+07,1.167679050808309205e+07,1.166907930328167416e+07
2.000000000000000000e+01,3.957331436825290322e+07,3.972316652719348669e+07,1.215929448186157830e+07,1.215176681006945856e+07
2.100000000000000000e+01,4.031224828448508680e+07,4.046513735129952431e+07,1.262537537858301215e+07,1.261818345949277654e+07
2.200000000000000000e+01,4.092426476719723642e+07,4.107959512581666559e+07,1.307441028593982570e+07,1.306771291077741235e+07
2.300000000000000000e+01,4.141140362659051269e+07,4.156856362460627407e+07,1.350583008581860922e+07,1.349974865067992732e+07
2.400000000000000000e+01,4.177628864471691102e+07,4.193464536352749169e+07,1.391897306743828952e+07,1.391369428789486922e+07
2.500000000000000000e+01,4.202206780928746611e+07,4.218097808687054366e+07,1.431326102137032337e+07,1.430896429376032203e+07
2.600000000000000000e+01,4.215237619577019662e+07,4.231118949310653657e+07,1.468815385573786311e+07,1.468498519995697774e+07
2.700000000000000000e+01,4.217129425506280363e+07,4.232935068513408303e+07,1.504302812741190568e+07,1.504119725293562002e+07
2.800000000000000000e+01,4.208328783314094692e+07,4.223992880919567496e+07,1.537736300295876525e+07,1.537705651406166144e+07
2.900000000000000000e+01,4.189316840881384909e+07,4.204773932321359217e+07,1.569066003997978382e+07,1.569203738410385884e+07
3.000000000000000000e+01,4.160604767299659550e+07,4.175789830979517102e+07,1.598235912008158118e+07,1.598563552092139795e+07
3.100000000000000000e+01,4.122728110602833331e+07,4.137577522183958441e+07,1.625201775555027835e+07,1.625737111016749404e+07
3.200000000000000000e+01,4.076242857410664111e+07,4.090694641988132894e+07,1.649920512380667217e+07,1.650679244069497846e+07
