observable,delta_radians,effective_fraction,source_RMS_hbar_over_M4,static_RMS,RMS_enhancement,reference_enhancement,enhancement_ratio_to_reference,RMS_ratio_to_static,white_angular_enhancement,Ricci_to_background_per_epsilon,percent_example,time_width_in_Planck_units
trace,,1.0,1141.230816959233,1143.280762303128,1.0,1.0,1.0,0.9982069624439709,1.0,885.9657534830789,0.0008859657534830788,200.0
trace,1.0,0.7049985475373922,1358.8734823477766,1361.3145196495093,1.1907087174253184,1.1907088481985426,0.9999998901719556,0.9982068528128525,1.190983895202221,1054.9271460125929,0.0010549271460125928,200.0
trace,0.5,0.22984022972667703,2377.2452928323155,2381.517059040235,2.0830538901555404,2.0830553067670725,0.9999993199357081,0.9982062835990597,2.0858687442979567,1845.5144093375118,0.0018455144093375117,200.0
trace,0.25,0.06120868647605686,4586.438046336294,4594.6924281298225,4.018852258613808,4.018866213469611,0.9999965276635095,0.9982034963335101,4.04197357690517,3560.5654694399555,0.003560565469439955,200.0
trace,0.125,0.015543789018263634,8948.10436053364,8964.321353950165,7.840748976947127,7.8408748310359275,0.9999839489736142,0.9981909401976783,8.020871406049215,6946.635075232641,0.00694663507523264,200.0
time_projection,,1.0,572.6639092657732,572.4472370873752,1.0,1.0,1.0,1.0003785015707307,1.0,444.5731786467699,0.0004445731786467699,200.0
time_projection,1.0,0.7049985475373922,681.9795354734551,681.7229007576221,1.19088967270146,1.190892114749726,0.9999979493958892,1.0003764501904626,1.190983895202221,529.4376072104996,0.0005294376072104996,200.0
time_projection,0.5,0.22984022972667703,1193.9599425270665,1193.5119111481915,2.0849226277553834,2.0849291145517754,0.9999968887208938,1.0003753891140004,2.0858687442979567,926.9006798537872,0.0009269006798537871,200.0
time_projection,0.25,0.06120868647605686,2310.2610674454495,2309.3816211637313,4.034235491472639,4.034226163644213,1.0000023121729045,1.000380814618796,4.04197357690517,1793.5128958536054,0.0017935128958536054,200.0
time_projection,0.125,0.015543789018263634,4558.181469594731,4556.404454084423,7.959610158493993,7.95951864012396,1.000011497977977,1.0003900039007105,8.020871406049215,3538.629188950795,0.003538629188950795,200.0
