center,delta_rad,xi,trace_rms,observer_source_rms,observer_rms_vs_minimal,trace_rms_vs_minimal,source_cross_covariance,scalar_curvature_rms_per_epsilon,observer_Ricci_rms_per_epsilon,scalar_percent_at_epsilon1e9,observer_percent_at_epsilon1e9,mean_background_sqrtK,minimal_variance_T,minimal_variance_P,conformal_observer_variance,minimal_conformal_covariance,reference_state
0.6,0,0.0,1141.2308169531264,572.6639092423743,1.0,1.0,653234.5303997879,885.9657534783383,444.5731786286049,8.859657534783385e-05,4.445731786286049e-05,32.374003952313075,1302407.7775635,327943.9529487583,93.7746049515203,93.91787662776328,1.0
0.6,0,0.08333333333333333,570.6154084765632,286.4548669978245,0.5002146326573993,0.5,163308.8158710953,442.98287673916917,222.38200923703997,4.429828767391692e-05,2.2238200923703995e-05,32.374003952313075,1302407.7775635,327943.9529487583,93.7746049515203,93.91787662776328,1.0
0.6,0,0.16666666666666666,0.0,9.683728876394687,0.016909968866740902,0.0,0.0,0.0,7.51771860959775,0.0,7.517718609597751e-07,32.374003952313075,1302407.7775635,327943.9529487583,93.7746049515203,93.91787662776328,1.0
0.6,0,0.25,570.6154084765632,286.4543668429386,0.5002137592744642,0.5,163308.08278650197,442.98287673916917,222.3816209544123,4.429828767391692e-05,2.2238162095441232e-05,32.374003952313075,1302407.7775635,327943.9529487583,93.7746049515203,93.91787662776328,1.0
0.6,0.5,0.0,2377.245292817675,1193.9599424739934,1.0,1.0,2837009.464187408,1845.5144093261465,926.9006798125855,0.00018455144093261464,9.269006798125854e-05,32.374003952313075,5651295.182223793,1425540.3442325015,396.383482394724,396.5519649588893,1.0
0.6,0.5,0.08333333333333333,1188.6226464088375,597.2289828124582,0.5002085594052222,0.5,709253.2958166153,922.7572046630733,463.6436537607745,9.227572046630732e-05,4.636436537607745e-05,32.374003952313075,5651295.182223793,1425540.3442325015,396.383482394724,396.5519649588893,1.0
0.6,0.5,0.16666666666666666,0.0,19.909381768270055,0.016675083526685168,0.0,0.0,0.0,15.456146256816126,0.0,1.5456146256816126e-06,32.374003952313075,5651295.182223793,1425540.3442325015,396.383482394724,396.5519649588893,1.0
0.6,0.5,0.25,1188.6226464088375,597.228700705245,0.5002083231265975,0.5,709249.5767375617,922.7572046630733,463.6434347539566,9.227572046630732e-05,4.636434347539566e-05,32.374003952313075,5651295.182223793,1425540.3442325015,396.383482394724,396.5519649588893,1.0
0.6,0.25,0.0,4586.438046296176,2310.2610673234253,1.0,1.0,10590544.705343304,3560.5654694088116,1793.5128957588754,0.0003560565469408812,0.00017935128957588756,32.374003952313075,21035413.952513088,5337306.199190373,1585.962747215156,1578.4253184673312,1.0
0.6,0.25,0.08333333333333333,2293.219023148088,1155.6436531836407,0.5002221045617682,0.5,2647641.4082454424,1780.2827347044058,897.154795275176,0.0001780282734704406,8.971547952751759e-05,32.374003952313075,21035413.952513088,5337306.199190373,1585.962747215156,1578.4253184673312,1.0
0.6,0.25,0.16666666666666666,0.0,39.82414779019328,0.017237942652226713,0.0,0.0,0.0,30.916472443120558,0.0,3.091647244312056e-06,32.374003952313075,21035413.952513088,5337306.199190373,1585.962747215156,1578.4253184673312,1.0
0.6,0.25,0.25,2293.219023148088,1155.6501754428657,0.5002249277315464,0.5,2647620.480606977,1780.2827347044058,897.1598586665799,0.0001780282734704406,8.9715985866658e-05,32.374003952313075,21035413.952513088,5337306.199190373,1585.962747215156,1578.4253184673312,1.0
0.45,0,0.0,5552.999194035636,2786.7147718309348,1.0,1.0,15466524.678182036,1817.1276368204035,911.906566323402,0.00018171276368204032,9.11906566323402e-05,76.80368123792553,30835800.048960425,7765779.219540738,1905.4161685217355,1905.8398638935475,1.0
0.45,0,0.08333333333333333,2776.499597017818,1393.870180059557,0.5001840138607916,0.5,3866632.4686720255,908.5638184102017,456.1210866096514,9.085638184102016e-05,4.5612108660965144e-05,76.80368123792553,30835800.048960425,7765779.219540738,1905.4161685217355,1905.8398638935475,1.0
0.45,0,0.16666666666666666,0.0,43.65107293666142,0.015663990221712457,0.0,0.0,0.0,14.284095538005152,0.0,1.4284095538005152e-06,76.80368123792553,30835800.048960425,7765779.219540738,1905.4161685217355,1905.8398638935475,1.0
0.45,0,0.25,2776.499597017818,1393.8698760890552,0.500183904782351,0.5,3866627.2721659597,908.5638184102017,456.12098714030515,9.085638184102016e-05,4.561209871403052e-05,76.80368123792553,30835800.048960425,7765779.219540738,1905.4161685217355,1905.8398638935475,1.0
0.45,0.4330127018922193,0.0,13215.616652150926,6638.2405201949005,1.0,1.0,87682419.80360052,4324.593146356086,2172.2550080798364,0.0004324593146356086,0.00021722550080798363,76.80368123792553,174652523.49660885,44066237.20395746,10827.96732017495,10823.96136848001,1.0
0.45,0.4330127018922193,0.08333333333333333,6607.808326075463,3320.3430957513483,0.5001842108085988,0.5,21920613.976781175,2162.296573178043,1086.5276568914392,0.0002162296573178043,0.00010865276568914393,76.80368123792553,174652523.49660885,44066237.20395746,10827.96732017495,10823.96136848001,1.0
0.45,0.4330127018922193,0.16666666666666666,0.0,104.05751928705081,0.01567546686060656,0.0,0.0,0.0,34.0511113919421,0.0,3.4051111391942108e-06,76.80368123792553,174652523.49660885,44066237.20395746,10827.96732017495,10823.96136848001,1.0
0.45,0.4330127018922193,0.25,6607.808326075463,3320.344302238405,0.5001843925566166,0.5,21920577.873256996,2162.296573178043,1086.528051694481,0.0002162296573178043,0.00010865280516944811,76.80368123792553,174652523.49660885,44066237.20395746,10827.96732017495,10823.96136848001,1.0
0.45,0.21650635094610965,0.0,25700.989050776658,12947.477253722887,1.0,1.0,332577075.14207625,8410.225873604753,4236.848939238728,0.0008410225873604754,0.00042368489392387277,76.80368123792553,660540838.1881416,167637167.23567155,44141.475966611244,43979.556880256816,1.0
0.45,0.21650635094610965,0.08333333333333333,12850.494525388329,6476.288825890154,0.5001969649360054,0.5,83144321.37095045,4205.112936802377,2119.258980299546,0.0004205112936802377,0.00021192589802995456,76.80368123792553,660540838.1881416,167637167.23567155,44141.475966611244,43979.556880256816,1.0
0.45,0.21650635094610965,0.16666666666666666,0.0,210.09872909327947,0.016227001212368856,0.0,0.0,0.0,68.75135287365053,0.0,6.8751352873650545e-06,76.80368123792553,660540838.1881416,167637167.23567155,44141.475966611244,43979.556880256816,1.0
0.45,0.21650635094610965,0.25,12850.494525388329,6476.313827674071,0.5001988959518648,0.5,83144111.02922492,4205.112936802377,2119.2671617220412,0.0004205112936802377,0.00021192671617220414,76.80368123792553,660540838.1881416,167637167.23567155,44141.475966611244,43979.556880256816,1.0
0.3,0,0.0,51644.172103867924,25919.988346560716,1.0,1.0,1337820961.90751,5003.057227161722,2511.01295155617,0.0005003057227161722,0.00025110129515561695,259.43329338934046,2667120512.29393,671845795.8858434,158670.7159316564,158596.18081071335,1.0
0.3,0,0.08333333333333333,25822.086051933962,12964.58309167129,0.500177041684185,0.5,334455234.65825915,2501.528613580861,1255.9510297400388,0.0002501528613580861,0.00012559510297400388,259.43329338934046,2667120512.29393,671845795.8858434,158670.7159316564,158596.18081071335,1.0
0.3,0,0.16666666666666666,0.0,398.33492933918865,0.015367866837488108,0.0,0.0,0.0,38.588912666723196,0.0,3.85889126667232e-06,259.43329338934046,2667120512.29393,671845795.8858434,158670.7159316564,158596.18081071335,1.0
0.3,0,0.25,25822.086051933962,12964.588840803668,0.5001772634872315,0.5,334455257.93273264,2501.528613580861,1255.9515866903612,0.0002501528613580861,0.0001255951586690361,259.43329338934046,2667120512.29393,671845795.8858434,158670.7159316564,158596.18081071335,1.0
0.3,0.3535533905932738,0.0,148949.42678501675,74827.73389296891,1.0,1.0,11138908963.718603,14429.556633410752,7248.977369458378,0.001442955663341075,0.0007248977369458379,259.43329338934046,22185931739.585068,5599189759.55697,1332222.205146708,1331214.672148207,1.0
0.3,0.3535533905932738,0.08333333333333333,74474.71339250838,37427.21072664383,0.5001783266639942,0.5,2784727208.0032163,7214.778316705376,3625.781370680854,0.0007214778316705375,0.00036257813706808535,259.43329338934046,22185931739.585068,5599189759.55697,1332222.205146708,1331214.672148207,1.0
0.3,0.3535533905932738,0.16666666666666666,0.0,1154.2193054817217,0.015425020182124964,0.0,0.0,0.0,111.81562222366261,0.0,1.1181562222366263e-05,259.43329338934046,22185931739.585068,5599189759.55697,1332222.205146708,1331214.672148207,1.0
0.3,0.3535533905932738,0.25,74474.71339250838,37427.23764643339,0.5001786864208404,0.5,2784727339.7089543,7214.778316705376,3625.7839785500905,0.0007214778316705375,0.00036257839785500904,259.43329338934046,22185931739.585068,5599189759.55697,1332222.205146708,1331214.672148207,1.0
0.3,0.1767766952966369,0.0,291972.0135239362,147107.5590459924,1.0,1.0,42924297109.20809,28284.947417725863,14251.124695637242,0.0028284947417725865,0.0014251124695637241,259.43329338934046,85247656681.2216,21640633928.470142,5513514.974251132,5498773.773392581,1.0
0.3,0.1767766952966369,0.08333333333333333,145986.0067619681,73581.83368024879,0.5001907050693691,0.5,10731074361.141428,14142.473708862932,7128.28010954229,0.0014142473708862932,0.0007128280109542289,259.43329338934046,85247656681.2216,21640633928.470142,5513514.974251132,5498773.773392581,1.0
0.3,0.1767766952966369,0.16666666666666666,0.0,2348.0875141806646,0.015961705363125134,0.0,0.0,0.0,227.472253484918,0.0,2.2747225348491804e-05,259.43329338934046,85247656681.2216,21640633928.470142,5513514.974251132,5498773.773392581,1.0
0.3,0.1767766952966369,0.25,145986.0067619681,73582.03401747951,0.5001920669112215,0.5,10731074025.783806,14142.473708862932,7128.299517320345,0.0014142473708862932,0.0007128299517320344,259.43329338934046,85247656681.2216,21640633928.470142,5513514.974251132,5498773.773392581,1.0
