center,J,trace,time_projection,cross,ref_trace,ref_time,ref_cross
0.6,0,1302407.777563591,327943.9529487814,653234.530399834,1307090.901452392,327695.8392489621,654462.3278867156
0.6,1,3901447.6393109704,983332.8132724906,1957773.5449564522,3915478.9929480567,982602.8246710373,1961448.835990216
0.6,2,6483220.422226054,1637291.4585600547,3256533.22430836,6506546.393215756,1636058.7030828104,3262631.4310964863
0.6,3,9036407.127257863,2288852.5854594028,4545690.695739543,9068942.795685286,2287105.4628543938,4554175.417043446
0.6,4,11549971.792746473,2937040.351827853,5821473.816178945,11591601.490504306,2934798.1081848675,5832296.863734855
0.6,5,14013254.273244493,3580986.1964701205,7080175.447725527,14063835.91414244,3578208.430526631,7093281.403593693
0.6,6,16416059.90206795,4219742.312952784,8318172.106844236,16475425.651743945,4216427.950463947,8333502.092803113
0.6,7,18748736.961929582,4852396.24624392,9531947.135984804,18816691.984179083,4848570.069347674,9549436.315245733
0.6,8,21002237.330683604,5478144.68342211,10718096.906492678,21078563.180056732,5473771.484412903,10737681.708531143
0.6,9,23168176.805451546,6096093.254241309,11873352.697185658,23252629.79733594,6091192.931596293,11894971.090503713
0.6,10,25238883.354270197,6705409.7686835015,12994599.109588215,25331190.307731576,6700019.328621281,13018186.363199394
0.6,11,27207421.569862045,7305351.633958513,14078871.417576011,27307287.398266632,7299459.397607131,14104371.370050019
0.6,12,29067635.644533023,7895093.441509222,15123386.51201982,29174735.340767376,7888744.851581746,15150743.68148562
0.6,13,30814160.562642142,8473873.092110552,16125544.616736673,30928138.85264418,8467129.232834194,16154705.28407542
0.6,14,32442425.35836555,9041005.131929936,17082931.484003823,32562903.901169777,9033886.493010348,17113852.14903896
0.6,15,33948673.83552279,9595725.91204534,17993347.020423364,34075240.92864341,9588309.405224187,18025982.657379113
0.6,16,35329946.75314961,10137328.694918806,18854794.64070643,35462160.99723764,10129707.897239696,18889104.861041907
0.6,17,36584068.82475755,10665176.886744361,19665490.496771302,36721465.369897015,10657407.392016174,19701442.562387094
0.6,18,37709648.66008192,11178551.707048535,20423883.188169148,37851729.05733572,11170747.237669898,20461440.197836027
0.6,19,38706039.502369046,11676790.504443184,21128636.188674856,38852278.87093302,11669079.303278327,21167766.515802305
0.6,20,39573314.363557965,12159294.477936607,21778642.576360006,39723166.527176335,12151766.81006503,21819317.043869965
0.6,21,40312248.27939764,12625375.374374028,22373032.61986148,40465137.351277046,12618183.45948704,22415215.34558649
0.6,22,40924264.76171274,13074410.281446587,22911154.131476216,41079595.12578705,13067712.91076992,22954813.073125012
0.6,23,41411403.6207043,13505830.08104312,23392589.67864319,41568563.62456773,13499748.650670176,23437688.82835082
0.6,24,41776288.63842455,13918973.062385678,23817150.936846606,41934645.3634771,13913694.287882134,23863645.85142095
0.6,25,42022067.80258354,14313261.016043702,24184861.889809076,42180978.086804934,14308964.293743737,24232708.562854227
0.6,26,42152376.18864736,14688153.85013937,24495973.091625795,42311189.49302118,14684985.19993539,24545117.99193706
0.6,27,42171294.24751096,15043028.121548273,24750946.247935213,42329350.68502307,15041197.252907611,24801326.13127204
0.6,28,42083287.82514614,15377362.996835856,24950441.201608162,42239928.80905143,15377056.514025308,25001989.26414423
0.6,29,41893168.40035678,15690660.033596462,25095324.179264784,42047739.323026694,15692037.38405672,25147960.318052053
0.6,30,41606047.66405047,15982359.113441078,25186646.63640439,41757898.309553154,15985635.520860402,25240280.304151747
0.6,31,41227281.09655701,16252017.748659149,25225635.122784562,41375775.2215269,16257371.110088734,25280168.908384036
0.6,32,40762428.564061746,16499205.116656076,25213692.75495247,40906946.41947791,16506792.440593338,25269014.305618457
0.45,0,30835800.04896109,7765779.219541928,15466524.67818339,30946045.39509295,7758367.908818361,15494731.818921413
0.45,1,92404798.00210929,23288689.438613527,46365301.90900813,92735235.42007062,23266498.08033401,46449778.32273904
0.45,2,153666774.50301778,38786019.49347875,77161392.27035798,154216530.9096343,38748850.88606091,77301713.65598662
0.45,3,214419632.24366498,54240527.789770864,107786745.62299709,215187310.33716714,54188367.76472452,107982258.85642953
0.45,4,274465085.7276751,69635497.25607984,138173979.01546487,275448784.80724716,69568167.75220975,138423815.49833676
0.45,5,333609926.0539141,84954302.66237082,168256539.6088268,334807340.2763925,84871602.242184,168559720.95601952
0.45,6,391667410.1207926,100180304.08724336,197969092.0412685,393075758.21300495,100082300.04092382,198324493.02677417
0.45,7,448458169.18496084,115297746.35944024,227247597.098244,450074314.7212168,115184203.00459681,227654063.66196507
0.45,8,503811381.0922969,130290493.7296223,256029661.69345158,505631759.53993136,130161592.70864372,256486001.59786025
0.45,9,557565567.1207832,145143269.64545494,284254734.35686135,559586177.0831233,144999108.70989564,284759723.67977166
0.45,10,609569225.7506615,159841008.7724706,311864179.39114326,611785732.2062805,159681759.0493257,312416694.662604
0.45,11,659681802.0823137,174368719.97058025,338801752.71573,662089303.7998669,174194923.71544656,339400615.2582647
0.45,12,707773732.3304375,188712310.87010002,365013401.32958955,710367009.6721089,188524351.84808278,365657598.18966883
0.45,13,753727362.4579134,202857484.79705837,390447805.9978659,756500626.5080177,202656153.51019824,391136332.00395864
0.45,14,797436930.387034,216790580.39293605,415056288.4032335,800383908.9862673,216576786.89177018,415788232.3950941
0.45,15,838808824.5283694,230498329.73488238,438792983.3733835,841922812.4024662,230273041.83417773,439567580.78861094
0.45,16,877762020.0704883,243967369.87238416,461615186.25584745,881035623.386752,243732020.57606634,462431649.9493163
0.45,17,914227546.5662097,257185138.72185975,483483055.5393477,917653003.515257,256941116.62219387,484340816.3861581
0.45,18,948149099.4515747,270138951.5594379,504360204.01615816,951717950.7984959,269887992.62544906,505258659.34758025
0.45,19,979482406.7934954,282816425.38818747,524213373.17492205,983185684.1841547,282560558.1492737,525152046.22501475
0.45,20,1008195231.6045872,295205709.7994846,543012717.3813905,1012023456.3373958,294946948.143677,543991204.2120254
0.45,21,1034267297.819111,307294603.2320134,560731923.2814709,1038210300.0577102,307035502.9233006,561749778.1013303
0.45,22,1057689479.0319151,319071661.50185156,577347950.9147155,1061736713.7581574,318814750.38145274,578404874.1415651
0.45,23,1078464034.8710554,330525285.072085,592841512.5120859,1082604291.4703052,330273391.1104433,593937089.9195971
0.45,24,1096603667.6683764,341643988.66953397,607196647.7135487,1100825302.8468778,341400287.02688813,608330530.282142
0.45,25,1112131301.4850514,352416885.7443207,620401022.2181685,1116422228.6145794,352184454.02203465,621572809.3618602
0.45,26,1125079652.1732104,362832601.9329725,632445854.4074497,1129427256.8826592,362615059.0727112,633655038.8275276
0.45,27,1135490333.3236752,372880544.9134506,643325713.3708746,1139881745.6391487,372681422.1593877,644571802.5345403
0.45,28,1143413755.7791746,382549966.19890714,653038821.0220869,1147835656.6680968,382373023.24555844,654321117.8107069
0.45,29,1148908117.4767804,391830233.6085096,661586619.6025636,1153346965.998087,391679514.4781585,662904383.6718423
0.45,30,1152039014.0843136,400711383.0157865,668973995.6608518,1156481055.846797,400590737.67369956,670326316.3219436
0.45,31,1152878833.287414,409183035.4885927,675209092.1511846,1157310092.8598332,409096747.0603131,676594872.3527126
0.45,32,1151505897.8619905,417235675.4081011,680303128.4786279,1155912397.2561407,417187837.15334433,681721160.1165565
0.3,0,2667120512.2939014,671845795.8858597,1337820961.9075181,2676591983.042761,671038531.9307845,1340173793.782676
0.3,1,7995442472.758921,2015042227.0794919,4011486618.0928597,8023841150.719202,2012619430.4994216,4018536712.8854647
0.3,2,13306037020.308949,3356757101.9202156,6679228031.396179,13353317093.500036,3352713353.921981,6690951017.073504
0.3,3,18587186618.18398,4696003674.284324,9337111961.32636,18653273416.584175,4690333896.426262,9353468771.75936
0.3,4,23827319885.060413,6031807281.775954,11981228832.729757,23912113516.181057,6024501666.958602,12002168397.589363
0.3,5,29015068860.389187,7363193741.642473,14607703595.32098,29118444725.356503,7354246601.143548,14633164703.651218
0.3,6,34139316784.570473,8689207473.939138,17212704693.54492,34261128678.592384,8678609966.730131,17242618593.86945
0.3,7,39189247788.027756,10008896179.443577,19792453724.63895,39329327850.58304,9996646065.260366,19826746437.834763
0.3,8,44154388902.540764,11321328781.57649,22343235646.21967,44312548277.15578,11307423637.908297,22381829099.91465
0.3,9,49024648357.96221,12625582054.327164,24861405025.75486,49200678493.200035,12610026986.730808,24904220621.3031
0.3,10,53790355513.11994,13920753043.120955,27343399211.13964,53984024739.043205,13903556824.99586,27390356549.762436
0.3,11,58442284357.62146,15205951931.856066,29785739509.654575,58653342498.59021,15187130872.220364,29836761911.63572
0.3,12,62971694724.797035,16480306204.139303,32185048490.180576,63199864442.11903,16459884211.220995,32240058820.449417
0.3,13,67370338938.439255,17742960896.489506,34538045316.32663,67615324854.90441,17720969425.91646,34596973716.15695
0.3,14,71630505899.44125,18993075286.400898,36841567371.67843,71891980640.31747,18969556539.851334,36904344228.8546
0.3,15,75745011446.95117,20229828358.27997,39092560162.885,76022628992.90282,20204832776.441803,39159125660.63822
0.3,16,79707243759.14412,21452411538.754692,41288102063.97641,80000621843.27798,21426002162.776306,41358397079.192924
0.3,17,83511141567.27226,22660035276.983517,43425390634.004326,83819877182.55266,22632284999.432667,43499367016.69963
0.3,18,87151236122.57213,23851922422.153515,45501768007.719,87474887379.3652,23822917219.20384,45579378767.74685
0.3,19,90622623889.39182,25027311571.89725,47514706391.20274,90960724607.54222,24997149657.842907,47595915280.10921
0.3,20,93920999029.17067,26185455211.62244,49461831162.314095,94273043506.85081,26154247259.960663,49546603632.54273
0.3,21,97042627425.94682,27325616643.41818,51340908360.19795,97408081203.26022,27293488243.018997,51429219094.11201
0.3,22,99984364548.5368,28447075239.44983,53149862840.44441,100362654818.614,28414163241.98101,53241688760.03744
0.3,23,102743635860.93169,29549115970.349182,54886770005.71288,103134156602.59708,29515574456.597656,54982094759.607834
0.3,24,105318437634.1486,30631041699.44544,56549867230.595,105720546822.34798,30597034822.54211,56648677032.35177
0.3,25,107707325462.12393,31692156723.41597,58137550949.29997,108120344547.05705,31657867226.655556,58239835669.39793
0.3,26,109909399299.66513,32731783833.94665,59648380899.62833,110332616466.36357,32697403785.451878,59754132817.77179
0.3,27,111924298238.9653,33749245144.75987,61081082306.14676,112356963882.32158,33714985204.749672,61190294146.26129
0.3,28,113752174106.75252,34743880157.945946,62434543794.90644,114193508015.21565,34709960236.88701,62547209872.46505
0.3,29,115393688431.6861,35715028159.189575,63707823310.3484,115842873763.46884,35681685250.41883,63823935351.64924
0.3,30,116849980231.36398,36662043036.834625,64900141446.25778,117306172057.40042,36629523925.532394,65019691229.134384
0.3,31,118122660726.11546,37584281380.51198,66010889091.72167,118584980945.646,37552847086.65465,66133863159.06873
0.3,32,119213780452.46492,38481110545.76498,67039618337.30963,119681325551.63043,38451032681.881,67166001093.63036
