center,observable,delta_rad,N,eps_cap,max_percent
0.6,trace,0.0,10,4e-06,0.3543863013913477
0.6,trace,0.0,30,4.4444444444444444e-07,0.03937625571014975
0.6,trace,0.0,100,4e-08,0.003543863013913477
0.6,trace,0.5,10,4e-06,0.7382057637304844
0.6,trace,0.5,30,4.4444444444444444e-07,0.08202286263672051
0.6,trace,0.5,100,4e-08,0.007382057637304845
0.6,trace,0.25,10,4e-06,1.4242261877635751
0.6,trace,0.25,30,4.4444444444444444e-07,0.15824735419595282
0.6,trace,0.25,100,4e-08,0.014242261877635751
0.6,time_projection,0.0,10,4e-06,0.17782927145144822
0.6,time_projection,0.0,30,4.4444444444444444e-07,0.019758807939049806
0.6,time_projection,0.0,100,4e-08,0.0017782927145144824
0.6,time_projection,0.5,10,4e-06,0.3707602719250472
0.6,time_projection,0.5,30,4.4444444444444444e-07,0.04119558576944969
0.6,time_projection,0.5,100,4e-08,0.003707602719250472
0.6,time_projection,0.25,10,4e-06,0.7174051583035757
0.6,time_projection,0.25,30,4.4444444444444444e-07,0.07971168425595286
0.6,time_projection,0.25,100,4e-08,0.007174051583035757
0.6,energy_projection,0.0,10,4e-06,0.00547948427342318
0.6,energy_projection,0.0,30,4.4444444444444444e-07,0.000608831585935909
0.6,energy_projection,0.0,100,4e-08,5.4794842734231795e-05
0.6,energy_projection,0.5,10,4e-06,0.01142933836121018
0.6,energy_projection,0.5,30,4.4444444444444444e-07,0.0012699264845789091
0.6,energy_projection,0.5,100,4e-08,0.00011429338361210181
0.6,energy_projection,0.25,10,4e-06,0.02326899460144629
0.6,energy_projection,0.25,30,4.4444444444444444e-07,0.002585443844605144
0.6,energy_projection,0.25,100,4e-08,0.0002326899460144629
0.45,trace,0.0,10,1.6875e-06,0.30664028871344634
0.45,trace,0.0,30,1.8750000000000003e-07,0.03407114319038294
0.45,trace,0.0,100,1.6875000000000004e-08,0.0030664028871344646
0.45,trace,0.4330127018922193,10,1.6875e-06,0.7297750934475976
0.45,trace,0.4330127018922193,30,1.8750000000000003e-07,0.08108612149417753
0.45,trace,0.4330127018922193,100,1.6875000000000004e-08,0.007297750934475979
0.45,trace,0.21650635094610965,10,1.6875e-06,1.4192256161708179
0.45,trace,0.21650635094610965,30,1.8750000000000003e-07,0.1576917351300909
0.45,trace,0.21650635094610965,100,1.6875000000000004e-08,0.014192256161708184
0.45,time_projection,0.0,10,1.6875e-06,0.15388423306708587
0.45,time_projection,0.0,30,1.8750000000000003e-07,0.0170982481185651
0.45,time_projection,0.0,100,1.6875000000000004e-08,0.001538842330670859
0.45,time_projection,0.4330127018922193,10,1.6875e-06,0.36656803261350024
0.45,time_projection,0.4330127018922193,30,1.8750000000000003e-07,0.040729781401500034
0.45,time_projection,0.4330127018922193,100,1.6875000000000004e-08,0.0036656803261350033
0.45,time_projection,0.21650635094610965,10,1.6875e-06,0.7149682584965895
0.45,time_projection,0.21650635094610965,30,1.8750000000000003e-07,0.07944091761073219
0.45,time_projection,0.21650635094610965,100,1.6875000000000004e-08,0.007149682584965897
0.45,energy_projection,0.0,10,1.6875e-06,0.005001831795964819
0.45,energy_projection,0.0,30,1.8750000000000003e-07,0.0005557590884405356
0.45,energy_projection,0.0,100,1.6875000000000004e-08,5.001831795964821e-05
0.45,energy_projection,0.4330127018922193,10,1.6875e-06,0.011964964718797155
0.45,energy_projection,0.4330127018922193,30,1.8750000000000003e-07,0.0013294405243107954
0.45,energy_projection,0.4330127018922193,100,1.6875000000000004e-08,0.0001196496471879716
0.45,energy_projection,0.21650635094610965,10,1.6875e-06,0.02440363667394134
0.45,energy_projection,0.21650635094610965,30,1.8750000000000003e-07,0.002711515185993483
0.45,energy_projection,0.21650635094610965,100,1.6875000000000004e-08,0.0002440363667394135
0.3,trace,0.0,10,5.000000000000002e-07,0.25015286135808484
0.3,trace,0.0,30,5.555555555555557e-08,0.02779476237312053
0.3,trace,0.0,100,5.000000000000002e-09,0.0025015286135808483
0.3,trace,0.3535533905932738,10,5.000000000000002e-07,0.7214778316705336
0.3,trace,0.3535533905932738,30,5.555555555555557e-08,0.08016420351894817
0.3,trace,0.3535533905932738,100,5.000000000000002e-09,0.007214778316705337
0.3,trace,0.1767766952966369,10,5.000000000000002e-07,1.4142473708862855
0.3,trace,0.1767766952966369,30,5.555555555555557e-08,0.1571385967651428
0.3,trace,0.1767766952966369,100,5.000000000000002e-09,0.014142473708862855
0.3,time_projection,0.0,10,5.000000000000002e-07,0.12555064757781007
0.3,time_projection,0.0,30,5.555555555555557e-08,0.013950071953090008
0.3,time_projection,0.0,100,5.000000000000002e-09,0.001255506475778101
0.3,time_projection,0.3535533905932738,10,5.000000000000002e-07,0.36244886847292324
0.3,time_projection,0.3535533905932738,30,5.555555555555557e-08,0.04027209649699147
0.3,time_projection,0.3535533905932738,100,5.000000000000002e-09,0.003624488684729233
0.3,time_projection,0.1767766952966369,10,5.000000000000002e-07,0.7125562347818707
0.3,time_projection,0.1767766952966369,30,5.555555555555557e-08,0.0791729149757634
0.3,time_projection,0.1767766952966369,100,5.000000000000002e-09,0.007125562347818707
0.3,energy_projection,0.0,10,5.000000000000002e-07,0.004345821244677195
0.3,energy_projection,0.0,30,5.555555555555557e-08,0.000482869027186355
0.3,energy_projection,0.0,100,5.000000000000002e-09,4.3458212446771956e-05
0.3,energy_projection,0.3535533905932738,10,5.000000000000002e-07,0.012597295303322263
0.3,energy_projection,0.3535533905932738,30,5.555555555555557e-08,0.0013996994781469178
0.3,energy_projection,0.3535533905932738,100,5.000000000000002e-09,0.00012597295303322262
0.3,energy_projection,0.1767766952966369,10,5.000000000000002e-07,0.025745479661779352
0.3,energy_projection,0.1767766952966369,30,5.555555555555557e-08,0.002860608851308816
0.3,energy_projection,0.1767766952966369,100,5.000000000000002e-09,0.0002574547966177935
