center,observable,delta_rad,uniform_sphere,effective_sphere_fraction,sigma_M,longitudinal_M,angular_proper_center_M,curvature_length_center_M,support_min_r,support_max_r,variance,reference_variance,source_RMS,reference_RMS,source_to_reference_RMS,mean_background_sqrtK,relative_curvature_RMS_per_epsilon,epsilon_example,percent_example,minimum_screen_length_M,time_width_Planck_example,minimum_separation_at_unit_ratio,time_width_Planck_at_formal_unit
0.6,trace,0.0,1,1.0,0.02,0.25,0.0,0.1765698573829627,0.4302265108822559,0.7407810774998662,1302407.777563591,1307090.901452392,1141.2308169531661,1143.2807623031151,0.9982069624386757,32.374003952313075,885.9657534783693,1e-09,8.859657534783694e-05,0.02,632.4555320336758,0.5953035371903544,0.5953035371903544
0.6,trace,0.5,0,0.22984022972667703,0.02,0.25,0.3,0.1765698573829627,0.4302265108822559,0.7407810774998662,5651295.182224191,5671623.502499522,2377.2452928177586,2381.517059040208,0.9982062835929586,32.374003952313075,1845.5144093262113,1e-09,0.00018455144093262115,0.02,632.4555320336758,0.8591890151360668,0.8591890151360668
0.6,trace,0.25,0,0.06120868647605686,0.02,0.25,0.15,0.1765698573829627,0.4302265108822559,0.7407810774998662,21035413.95251458,21111198.509112995,4586.438046296339,4594.692428129765,0.9982034963248267,32.374003952313075,3560.565469408938,1e-09,0.00035605654694089383,0.02,632.4555320336758,1.1934094803392403,1.1934094803392403
0.6,time_projection,0.0,1,1.0,0.02,0.25,0.0,0.1765698573829627,0.4302265108822559,0.7407810774998662,327943.9529487814,327695.8392489621,572.6639092423945,572.4472370873688,1.000378501529902,32.374003952313075,444.5731786286206,1e-09,4.445731786286207e-05,0.02,632.4555320336758,0.4216980809198072,0.4216980809198072
0.6,time_projection,0.5,0,0.22984022972667703,0.02,0.25,0.3,0.1765698573829627,0.4302265108822559,0.7407810774998662,1425540.3442326018,1424470.6820525737,1193.9599424740354,1193.511911148177,1.00037538906958,32.374003952313075,926.900679812618,1e-09,9.269006798126181e-05,0.02,632.4555320336758,0.6089008720022063,0.6089008720022063
0.6,time_projection,0.25,0,0.06120868647605686,0.02,0.25,0.15,0.1765698573829627,0.4302265108822559,0.7407810774998662,5337306.199190752,5333243.472168681,2310.2610673235076,2309.3816211637004,1.0003808145660065,32.374003952313075,1793.5128957589393,1e-09,0.00017935128957589396,0.02,632.4555320336758,0.8469977321714478,0.8469977321714478
0.6,energy_projection,0.0,1,1.0,0.02,0.25,0.0,0.1765698573829627,0.4302265108822559,0.7407810774998662,311.3669398451457,6.236725344497245,17.645592646469705,2.4973436576685324,7.0657446732594495,32.374003952313075,13.69871068355795,1e-09,1.3698710683557952e-06,0.02,632.4555320336758,0.07402353864429329,0.07402353864429329
0.6,energy_projection,0.5,0,0.22984022972667703,0.02,0.25,0.3,0.1765698573829627,0.4302265108822559,0.7407810774998662,1354.6756010409445,46.385252482490614,36.80591801654925,6.810671955283899,5.404153695582745,32.374003952313075,28.573345903025455,1e-09,2.857334590302546e-06,0.02,632.4555320336758,0.10690808370376013,0.10690808370376013
0.6,energy_projection,0.25,0,0.06120868647605686,0.02,0.25,0.15,0.1765698573829627,0.4302265108822559,0.7407810774998662,5614.981975338422,750.1134611256421,74.93318340587447,27.38819930418285,2.735966047772638,32.374003952313075,58.17248650361573,1e-09,5.817248650361574e-06,0.02,632.4555320336758,0.15254177985537698,0.15254177985537698
0.45,trace,0.0,1,1.0,0.01299038105676658,0.16237976320958225,0.0,0.11468548652718077,0.3165380464298436,0.5616331177843681,30835800.04896109,30946045.39509295,5552.999194035696,5562.916986176672,0.9982171597804496,76.80368123792553,1817.127636820423,1e-09,0.00018171276368204232,0.01299038105676658,410.79191812887456,0.5537511071893639,0.5537511071893639
0.45,trace,0.4330127018922193,0,0.17606763373711531,0.01299038105676658,0.16237976320958225,0.1948557158514987,0.11468548652718077,0.3165380464298436,0.5616331177843681,174652523.49661273,175277302.7717342,13215.616652151073,13239.233466169188,0.9982161494410938,76.80368123792553,4324.593146356135,1e-09,0.0004324593146356135,0.01299038105676658,410.79191812887456,0.8542687477881875,0.8542687477881875
0.45,trace,0.21650635094610965,0,0.046147130182091683,0.01299038105676658,0.16237976320958225,0.09742785792574934,0.11468548652718077,0.3165380464298436,0.5616331177843681,660540838.1881564,662908956.5087627,25700.989050776945,25747.01840036556,0.9982122454385646,76.80368123792553,8410.225873604848,1e-09,0.0008410225873604849,0.01299038105676658,410.79191812887456,1.1913125602338028,1.1913125602338028
0.45,time_projection,0.0,1,1.0,0.01299038105676658,0.16237976320958225,0.0,0.11468548652718077,0.3165380464298436,0.5616331177843681,7765779.219541928,7758367.908818361,2786.714771831148,2785.384696737304,1.000477519351421,76.80368123792553,911.9065663234719,1e-09,9.11906566323472e-05,0.01299038105676658,410.79191812887456,0.39228080894569123,0.39228080894569123
0.45,time_projection,0.4330127018922193,0,0.17606763373711531,0.01299038105676658,0.16237976320958225,0.1948557158514987,0.11468548652718077,0.3165380464298436,0.5616331177843681,44066237.20396418,44024087.23744988,6638.240520195406,6635.0649761287095,1.000478600296775,76.80368123792553,2172.2550080800015,1e-09,0.00021722550080800017,0.01299038105676658,410.79191812887456,0.6054486209526786,0.6054486209526786
0.45,time_projection,0.21650635094610965,0,0.046147130182091683,0.01299038105676658,0.16237976320958225,0.09742785792574934,0.11468548652718077,0.3165380464298436,0.5616331177843681,167637167.235697,167475243.98095644,12947.47725372387,12941.222661748636,1.0004833076548263,76.80368123792553,4236.848939239049,1e-09,0.00042368489392390497,0.01299038105676658,410.79191812887456,0.8455579569116416,0.8455579569116416
0.45,energy_projection,0.0,1,1.0,0.01299038105676658,0.16237976320958225,0.0,0.11468548652718077,0.3165380464298436,0.5616331177843681,8204.553598810919,147.43867018539459,90.57899093504474,12.142432630465551,7.459707102494491,76.80368123792553,29.640484716828563,1e-09,2.9640484716828564e-06,0.01299038105676658,410.79191812887456,0.07072362968601668,0.07072362968601668
0.45,energy_projection,0.4330127018922193,0,0.17606763373711531,0.01299038105676658,0.16237976320958225,0.1948557158514987,0.11468548652718077,0.3165380464298436,0.5616331177843681,46948.27450913936,1447.6509405523539,216.67550509722912,38.048008365121476,5.694792300767444,76.80368123792553,70.90349462990908,1e-09,7.090349462990908e-06,0.01299038105676658,410.79191812887456,0.10938448116070744,0.10938448116070744
0.45,energy_projection,0.21650635094610965,0,0.046147130182091683,0.01299038105676658,0.16237976320958225,0.09742785792574934,0.11468548652718077,0.3165380464298436,0.5616331177843681,195301.64063057303,23679.916602522135,441.92945209679453,153.88280151635573,2.871857333906305,76.80368123792553,144.61414325298574,1e-09,1.4461414325298575e-05,0.01299038105676658,410.79191812887456,0.15621663379404047,0.15621663379404047
0.3,trace,0.0,1,1.0,0.007071067811865476,0.08838834764831845,0.0,0.062426871754317256,0.2071283197610527,0.37826215723983025,2667120512.2939014,2676591983.042761,51644.17210386765,51735.79015577863,0.998229116601194,259.43329338934046,5003.057227161695,1e-09,0.0005003057227161695,0.007071067811865476,223.606797749979,0.500152837998631,0.500152837998631
0.3,trace,0.3535533905932738,0,0.11987717508891522,0.007071067811865476,0.08838834764831845,0.10606601717798213,0.062426871754317256,0.2071283197610527,0.37826215723983025,22185931739.584812,22264780035.20631,148949.4267850159,149213.87346760457,0.9982277339469637,259.43329338934046,14429.556633410668,1e-09,0.0014429556633410669,0.007071067811865476,223.606797749979,0.8493985116955018,0.8493985116955018
0.3,trace,0.1767766952966369,0,0.030925830453123852,0.007071067811865476,0.08838834764831845,0.053033008588991064,0.062426871754317256,0.2071283197610527,0.37826215723983025,85247656681.22061,85551485672.50099,291972.0135239345,292491.8557370461,0.9982227121784242,259.43329338934046,28284.9474177257,1e-09,0.0028284947417725704,0.007071067811865476,223.606797749979,1.1892213296465404,1.1892213296465404
0.3,time_projection,0.0,1,1.0,0.007071067811865476,0.08838834764831845,0.0,0.062426871754317256,0.2071283197610527,0.37826215723983025,671845795.8858597,671038531.9307845,25919.988346561033,25904.411437644834,1.000601322633934,259.43329338934046,2511.0129515562007,1e-09,0.0002511012951556201,0.007071067811865476,223.606797749979,0.35433126813451005,0.35433126813451005
0.3,time_projection,0.3535533905932738,0,0.11987717508891522,0.007071067811865476,0.08838834764831845,0.10606601717798213,0.062426871754317256,0.2071283197610527,0.37826215723983025,5599189759.557099,5592441572.6758375,74827.73389296979,74782.62881629555,1.0006031491188285,259.43329338934046,7248.977369458463,1e-09,0.0007248977369458463,0.007071067811865476,223.606797749979,0.6020372650201341,0.6020372650201341
0.3,time_projection,0.1767766952966369,0,0.030925830453123852,0.007071067811865476,0.08838834764831845,0.053033008588991064,0.062426871754317256,0.2071283197610527,0.37826215723983025,21640633928.470646,21614363812.823772,147107.55904599413,147018.24312929253,1.0006075158755845,259.43329338934046,14251.124695637409,1e-09,0.001425112469563741,0.007071067811865476,223.606797749979,0.8441304607593964,0.8441304607593964
0.3,energy_projection,0.0,1,1.0,0.007071067811865476,0.08838834764831845,0.0,0.062426871754317256,0.2071283197610527,0.37826215723983025,804962.0518169403,12733.90879869461,897.1967743014574,112.84462237384027,7.950726897105966,259.43329338934046,86.91642489354388,1e-09,8.691642489354388e-06,0.007071067811865476,223.606797749979,0.06592284311736861,0.06592284311736861
0.3,energy_projection,0.3535533905932738,0,0.11987717508891522,0.007071067811865476,0.08838834764831845,0.10606601717798213,0.062426871754317256,0.2071283197610527,0.37826215723983025,6763730.734630585,185692.25821113586,2600.717350007606,430.920245766123,6.035263776905751,259.43329338934046,251.94590606644516,1e-09,2.519459060664452e-05,0.007071067811865476,223.606797749979,0.11223767328006341,0.11223767328006341
0.3,energy_projection,0.1767766952966369,0,0.030925830453123852,0.007071067811865476,0.08838834764831845,0.053033008588991064,0.062426871754317256,0.2071283197610527,0.37826215723983025,28250989.56745529,3072176.5941619873,5315.165996227709,1752.7625606915465,3.032450666980602,259.43329338934046,514.9095932355868,1e-09,5.149095932355869e-05,0.007071067811865476,223.606797749979,0.16045397988762808,0.16045397988762808
